USE [master]
GO
/****** Object:  Database [Erp102Ev]    Script Date: 27.03.2022 16:32:30 ******/
CREATE DATABASE [Erp102Ev]
 CONTAINMENT = NONE
 ON  PRIMARY 
( NAME = N'Erp102Ev', FILENAME = N'C:\Program Files\Microsoft SQL Server\MSSQL15.MSSQLSERVER01\MSSQL\DATA\Erp102Ev.mdf' , SIZE = 8192KB , MAXSIZE = UNLIMITED, FILEGROWTH = 65536KB )
 LOG ON 
( NAME = N'Erp102Ev_log', FILENAME = N'C:\Program Files\Microsoft SQL Server\MSSQL15.MSSQLSERVER01\MSSQL\DATA\Erp102Ev_log.ldf' , SIZE = 8192KB , MAXSIZE = 2048GB , FILEGROWTH = 65536KB )
 WITH CATALOG_COLLATION = DATABASE_DEFAULT
GO
ALTER DATABASE [Erp102Ev] SET COMPATIBILITY_LEVEL = 120
GO
IF (1 = FULLTEXTSERVICEPROPERTY('IsFullTextInstalled'))
begin
EXEC [Erp102Ev].[dbo].[sp_fulltext_database] @action = 'enable'
end
GO
ALTER DATABASE [Erp102Ev] SET ANSI_NULL_DEFAULT OFF 
GO
ALTER DATABASE [Erp102Ev] SET ANSI_NULLS OFF 
GO
ALTER DATABASE [Erp102Ev] SET ANSI_PADDING OFF 
GO
ALTER DATABASE [Erp102Ev] SET ANSI_WARNINGS OFF 
GO
ALTER DATABASE [Erp102Ev] SET ARITHABORT OFF 
GO
ALTER DATABASE [Erp102Ev] SET AUTO_CLOSE OFF 
GO
ALTER DATABASE [Erp102Ev] SET AUTO_SHRINK OFF 
GO
ALTER DATABASE [Erp102Ev] SET AUTO_UPDATE_STATISTICS ON 
GO
ALTER DATABASE [Erp102Ev] SET CURSOR_CLOSE_ON_COMMIT OFF 
GO
ALTER DATABASE [Erp102Ev] SET CURSOR_DEFAULT  GLOBAL 
GO
ALTER DATABASE [Erp102Ev] SET CONCAT_NULL_YIELDS_NULL OFF 
GO
ALTER DATABASE [Erp102Ev] SET NUMERIC_ROUNDABORT OFF 
GO
ALTER DATABASE [Erp102Ev] SET QUOTED_IDENTIFIER OFF 
GO
ALTER DATABASE [Erp102Ev] SET RECURSIVE_TRIGGERS OFF 
GO
ALTER DATABASE [Erp102Ev] SET  ENABLE_BROKER 
GO
ALTER DATABASE [Erp102Ev] SET AUTO_UPDATE_STATISTICS_ASYNC OFF 
GO
ALTER DATABASE [Erp102Ev] SET DATE_CORRELATION_OPTIMIZATION OFF 
GO
ALTER DATABASE [Erp102Ev] SET TRUSTWORTHY OFF 
GO
ALTER DATABASE [Erp102Ev] SET ALLOW_SNAPSHOT_ISOLATION OFF 
GO
ALTER DATABASE [Erp102Ev] SET PARAMETERIZATION SIMPLE 
GO
ALTER DATABASE [Erp102Ev] SET READ_COMMITTED_SNAPSHOT OFF 
GO
ALTER DATABASE [Erp102Ev] SET HONOR_BROKER_PRIORITY OFF 
GO
ALTER DATABASE [Erp102Ev] SET RECOVERY FULL 
GO
ALTER DATABASE [Erp102Ev] SET  MULTI_USER 
GO
ALTER DATABASE [Erp102Ev] SET PAGE_VERIFY CHECKSUM  
GO
ALTER DATABASE [Erp102Ev] SET DB_CHAINING OFF 
GO
ALTER DATABASE [Erp102Ev] SET FILESTREAM( NON_TRANSACTED_ACCESS = OFF ) 
GO
ALTER DATABASE [Erp102Ev] SET TARGET_RECOVERY_TIME = 60 SECONDS 
GO
ALTER DATABASE [Erp102Ev] SET DELAYED_DURABILITY = DISABLED 
GO
ALTER DATABASE [Erp102Ev] SET ACCELERATED_DATABASE_RECOVERY = OFF  
GO
EXEC sys.sp_db_vardecimal_storage_format N'Erp102Ev', N'ON'
GO
ALTER DATABASE [Erp102Ev] SET QUERY_STORE = OFF
GO
USE [Erp102Ev]
GO
/****** Object:  Table [dbo].[__MigrationHistory]    Script Date: 27.03.2022 16:32:31 ******/
SET ANSI_NULLS ON
GO
SET QUOTED_IDENTIFIER ON
GO
CREATE TABLE [dbo].[__MigrationHistory](
	[MigrationId] [nvarchar](150) NOT NULL,
	[ContextKey] [nvarchar](300) NOT NULL,
	[Model] [varbinary](max) NOT NULL,
	[ProductVersion] [nvarchar](32) NOT NULL,
 CONSTRAINT [PK_dbo.__MigrationHistory] PRIMARY KEY CLUSTERED 
(
	[MigrationId] ASC,
	[ContextKey] ASC
)WITH (PAD_INDEX = OFF, STATISTICS_NORECOMPUTE = OFF, IGNORE_DUP_KEY = OFF, ALLOW_ROW_LOCKS = ON, ALLOW_PAGE_LOCKS = ON, OPTIMIZE_FOR_SEQUENTIAL_KEY = OFF) ON [PRIMARY]
) ON [PRIMARY] TEXTIMAGE_ON [PRIMARY]
GO
/****** Object:  Table [dbo].[Sehirler]    Script Date: 27.03.2022 16:32:31 ******/
SET ANSI_NULLS ON
GO
SET QUOTED_IDENTIFIER ON
GO
CREATE TABLE [dbo].[Sehirler](
	[Id] [int] IDENTITY(1,1) NOT NULL,
	[code] [char](2) NOT NULL,
	[name] [nvarchar](50) NOT NULL,
PRIMARY KEY CLUSTERED 
(
	[Id] ASC
)WITH (PAD_INDEX = OFF, STATISTICS_NORECOMPUTE = OFF, IGNORE_DUP_KEY = OFF, ALLOW_ROW_LOCKS = ON, ALLOW_PAGE_LOCKS = ON, OPTIMIZE_FOR_SEQUENTIAL_KEY = OFF) ON [PRIMARY]
) ON [PRIMARY]
GO
/****** Object:  Table [dbo].[tblDepartmanlar]    Script Date: 27.03.2022 16:32:31 ******/
SET ANSI_NULLS ON
GO
SET QUOTED_IDENTIFIER ON
GO
CREATE TABLE [dbo].[tblDepartmanlar](
	[Id] [int] IDENTITY(1,1) NOT NULL,
	[DepartmanKodu] [char](1) NULL,
	[Adi] [nvarchar](70) NULL,
PRIMARY KEY CLUSTERED 
(
	[Id] ASC
)WITH (PAD_INDEX = OFF, STATISTICS_NORECOMPUTE = OFF, IGNORE_DUP_KEY = OFF, ALLOW_ROW_LOCKS = ON, ALLOW_PAGE_LOCKS = ON, OPTIMIZE_FOR_SEQUENTIAL_KEY = OFF) ON [PRIMARY]
) ON [PRIMARY]
GO
/****** Object:  Table [dbo].[tblDoktorlar]    Script Date: 27.03.2022 16:32:31 ******/
SET ANSI_NULLS ON
GO
SET QUOTED_IDENTIFIER ON
GO
CREATE TABLE [dbo].[tblDoktorlar](
	[Id] [int] IDENTITY(1,1) NOT NULL,
	[Unvan] [nvarchar](10) NULL,
	[Adi] [nvarchar](70) NULL,
	[Hastane1Id] [int] NULL,
	[Hastane2Id] [int] NULL,
	[Hastane3Id] [int] NULL,
	[Muayenehane] [nvarchar](100) NULL,
	[Tel1] [nvarchar](20) NULL,
	[Tel2] [nvarchar](20) NULL,
	[Gsm] [nvarchar](20) NULL,
	[Email] [nvarchar](70) NULL,
	[DTarih] [datetime] NULL,
	[SehirId] [int] NULL,
	[VergiDairesi] [nvarchar](50) NULL,
	[VergiNo] [nvarchar](11) NULL,
 CONSTRAINT [PK_tblDoktorlar] PRIMARY KEY CLUSTERED 
(
	[Id] ASC
)WITH (PAD_INDEX = OFF, STATISTICS_NORECOMPUTE = OFF, IGNORE_DUP_KEY = OFF, ALLOW_ROW_LOCKS = ON, ALLOW_PAGE_LOCKS = ON, OPTIMIZE_FOR_SEQUENTIAL_KEY = OFF) ON [PRIMARY]
) ON [PRIMARY]
GO
/****** Object:  Table [dbo].[tblFirmaDetaylar]    Script Date: 27.03.2022 16:32:31 ******/
SET ANSI_NULLS ON
GO
SET QUOTED_IDENTIFIER ON
GO
CREATE TABLE [dbo].[tblFirmaDetaylar](
	[Id] [int] IDENTITY(1,1) NOT NULL,
	[GirisId] [int] NULL,
	[GirisAdi] [char](1) NULL,
	[YetkiliAdi] [nvarchar](50) NULL,
	[DepartmanId] [int] NULL,
	[Tel] [nvarchar](20) NULL,
	[Gsm] [nvarchar](20) NULL,
	[Email] [nchar](50) NULL,
 CONSTRAINT [PK_FirmaDetaylar] PRIMARY KEY CLUSTERED 
(
	[Id] ASC
)WITH (PAD_INDEX = OFF, STATISTICS_NORECOMPUTE = OFF, IGNORE_DUP_KEY = OFF, ALLOW_ROW_LOCKS = ON, ALLOW_PAGE_LOCKS = ON, OPTIMIZE_FOR_SEQUENTIAL_KEY = OFF) ON [PRIMARY]
) ON [PRIMARY]
GO
/****** Object:  Table [dbo].[tblFirmalar]    Script Date: 27.03.2022 16:32:31 ******/
SET ANSI_NULLS ON
GO
SET QUOTED_IDENTIFIER ON
GO
CREATE TABLE [dbo].[tblFirmalar](
	[Id] [int] IDENTITY(1,1) NOT NULL,
	[Adi] [nvarchar](100) NULL,
	[Adres] [nvarchar](350) NULL,
	[SehirId] [int] NULL,
	[FirmaTip] [nvarchar](50) NULL,
	[VergiDairesi] [nvarchar](50) NULL,
	[VergiNo] [nvarchar](11) NULL,
	[Tel] [nvarchar](20) NULL,
	[Email] [nvarchar](70) NULL,
 CONSTRAINT [PK_tblFirmalar] PRIMARY KEY CLUSTERED 
(
	[Id] ASC
)WITH (PAD_INDEX = OFF, STATISTICS_NORECOMPUTE = OFF, IGNORE_DUP_KEY = OFF, ALLOW_ROW_LOCKS = ON, ALLOW_PAGE_LOCKS = ON, OPTIMIZE_FOR_SEQUENTIAL_KEY = OFF) ON [PRIMARY]
) ON [PRIMARY]
GO
/****** Object:  Table [dbo].[tblHastaneDetaylar]    Script Date: 27.03.2022 16:32:31 ******/
SET ANSI_NULLS ON
GO
SET QUOTED_IDENTIFIER ON
GO
CREATE TABLE [dbo].[tblHastaneDetaylar](
	[Id] [int] IDENTITY(1,1) NOT NULL,
	[GirisId] [int] NULL,
	[GirisAdi] [char](1) NULL,
	[YetkiliAdi] [nvarchar](50) NULL,
	[DepartmanId] [int] NULL,
	[Tel] [nvarchar](20) NULL,
	[Gsm] [nvarchar](20) NULL,
	[Email] [nchar](50) NULL,
 CONSTRAINT [PK_tblHastaneDetaylar] PRIMARY KEY CLUSTERED 
(
	[Id] ASC
)WITH (PAD_INDEX = OFF, STATISTICS_NORECOMPUTE = OFF, IGNORE_DUP_KEY = OFF, ALLOW_ROW_LOCKS = ON, ALLOW_PAGE_LOCKS = ON, OPTIMIZE_FOR_SEQUENTIAL_KEY = OFF) ON [PRIMARY]
) ON [PRIMARY]
GO
/****** Object:  Table [dbo].[tblHastaneler]    Script Date: 27.03.2022 16:32:31 ******/
SET ANSI_NULLS ON
GO
SET QUOTED_IDENTIFIER ON
GO
CREATE TABLE [dbo].[tblHastaneler](
	[Id] [int] IDENTITY(1,1) NOT NULL,
	[Adi] [nvarchar](250) NULL,
	[TipID] [int] NULL,
	[Adres] [nvarchar](max) NULL,
	[SehirId] [int] NULL,
	[Tel] [nvarchar](20) NULL,
	[CariAdi] [nvarchar](250) NULL,
	[VergiDairesi] [nvarchar](100) NULL,
	[VergiNo] [nvarchar](11) NULL,
 CONSTRAINT [PK__tblHasta__3214EC071F72CB85] PRIMARY KEY CLUSTERED 
(
	[Id] ASC
)WITH (PAD_INDEX = OFF, STATISTICS_NORECOMPUTE = OFF, IGNORE_DUP_KEY = OFF, ALLOW_ROW_LOCKS = ON, ALLOW_PAGE_LOCKS = ON, OPTIMIZE_FOR_SEQUENTIAL_KEY = OFF) ON [PRIMARY]
) ON [PRIMARY] TEXTIMAGE_ON [PRIMARY]
GO
/****** Object:  Table [dbo].[tblHastanetip]    Script Date: 27.03.2022 16:32:31 ******/
SET ANSI_NULLS ON
GO
SET QUOTED_IDENTIFIER ON
GO
CREATE TABLE [dbo].[tblHastanetip](
	[Id] [int] IDENTITY(1,1) NOT NULL,
	[TipAdi] [nvarchar](50) NULL,
PRIMARY KEY CLUSTERED 
(
	[Id] ASC
)WITH (PAD_INDEX = OFF, STATISTICS_NORECOMPUTE = OFF, IGNORE_DUP_KEY = OFF, ALLOW_ROW_LOCKS = ON, ALLOW_PAGE_LOCKS = ON, OPTIMIZE_FOR_SEQUENTIAL_KEY = OFF) ON [PRIMARY]
) ON [PRIMARY]
GO
/****** Object:  Table [dbo].[tblKonsinyeGonderimler]    Script Date: 27.03.2022 16:32:31 ******/
SET ANSI_NULLS ON
GO
SET QUOTED_IDENTIFIER ON
GO
CREATE TABLE [dbo].[tblKonsinyeGonderimler](
	[Id] [int] IDENTITY(1,1) NOT NULL,
	[CariTur] [nvarchar](15) NULL,
	[CariAdi] [nvarchar](200) NULL,
	[CariId] [int] NOT NULL,
	[GonderimTarih] [datetime] NOT NULL,
	[Aciklama] [nvarchar](250) NULL,
	[UrunId] [int] NOT NULL,
	[Adet] [int] NOT NULL,
	[isDeleted] [bit] NOT NULL,
	[CreatedUser] [nvarchar](max) NULL,
	[CreatedDate] [datetime] NULL,
	[UpdatedUser] [nvarchar](max) NULL,
	[UpdatedDate] [datetime] NULL,
	[GonderimId] [int] NOT NULL,
 CONSTRAINT [PK_dbo.tblKonsinyeGonderimler] PRIMARY KEY CLUSTERED 
(
	[Id] ASC
)WITH (PAD_INDEX = OFF, STATISTICS_NORECOMPUTE = OFF, IGNORE_DUP_KEY = OFF, ALLOW_ROW_LOCKS = ON, ALLOW_PAGE_LOCKS = ON, OPTIMIZE_FOR_SEQUENTIAL_KEY = OFF) ON [PRIMARY]
) ON [PRIMARY] TEXTIMAGE_ON [PRIMARY]
GO
/****** Object:  Table [dbo].[tblPersoneller]    Script Date: 27.03.2022 16:32:31 ******/
SET ANSI_NULLS ON
GO
SET QUOTED_IDENTIFIER ON
GO
CREATE TABLE [dbo].[tblPersoneller](
	[Id] [int] IDENTITY(1,1) NOT NULL,
	[Unvan] [nvarchar](30) NULL,
	[Adi] [nvarchar](100) NULL,
	[DepartmanId] [int] NULL,
	[Tel] [nvarchar](20) NULL,
	[Gsm] [nvarchar](20) NULL,
	[Email] [nvarchar](70) NULL,
	[Adres] [nvarchar](300) NULL,
	[SehirId] [int] NULL,
	[IsBaslangicTarih] [datetime] NULL,
	[IsBitisTarih] [datetime] NULL,
 CONSTRAINT [PK_tblPersoneller] PRIMARY KEY CLUSTERED 
(
	[Id] ASC
)WITH (PAD_INDEX = OFF, STATISTICS_NORECOMPUTE = OFF, IGNORE_DUP_KEY = OFF, ALLOW_ROW_LOCKS = ON, ALLOW_PAGE_LOCKS = ON, OPTIMIZE_FOR_SEQUENTIAL_KEY = OFF) ON [PRIMARY]
) ON [PRIMARY]
GO
/****** Object:  Table [dbo].[tblStokDurum]    Script Date: 27.03.2022 16:32:31 ******/
SET ANSI_NULLS ON
GO
SET QUOTED_IDENTIFIER ON
GO
CREATE TABLE [dbo].[tblStokDurum](
	[Id] [int] IDENTITY(1,1) NOT NULL,
	[Barkod] [nvarchar](100) NULL,
	[UrunKodu] [nvarchar](100) NULL,
	[LotSeriNo] [nvarchar](50) NULL,
	[StokAdet] [int] NULL,
	[RafAdet] [int] NULL,
	[KonsinyeAdet] [int] NULL,
	[SubeAdet] [int] NULL,
	[UrunHareketAdet] [int] NULL,
	[SutKodu] [nvarchar](50) NULL,
	[BransNo] [nvarchar](250) NULL,
	[Uts] [bit] NULL,
	[UTarih] [date] NULL,
	[SKTarih] [date] NULL,
 CONSTRAINT [PK_tblStokDurum] PRIMARY KEY CLUSTERED 
(
	[Id] ASC
)WITH (PAD_INDEX = OFF, STATISTICS_NORECOMPUTE = OFF, IGNORE_DUP_KEY = OFF, ALLOW_ROW_LOCKS = ON, ALLOW_PAGE_LOCKS = ON, OPTIMIZE_FOR_SEQUENTIAL_KEY = OFF) ON [PRIMARY]
) ON [PRIMARY]
GO
/****** Object:  Table [dbo].[tblUrunGirisAlt]    Script Date: 27.03.2022 16:32:31 ******/
SET ANSI_NULLS ON
GO
SET QUOTED_IDENTIFIER ON
GO
CREATE TABLE [dbo].[tblUrunGirisAlt](
	[Id] [int] IDENTITY(1,1) NOT NULL,
	[GirisId] [int] NULL,
	[Barkod] [nvarchar](100) NULL,
	[UrunKodu] [nvarchar](100) NULL,
	[LotSeriNo] [nvarchar](50) NULL,
	[GirisAdet] [int] NULL,
	[GirisTarih] [date] NULL,
	[BransNo] [nvarchar](50) NULL,
	[UtsDurum] [bit] NULL,
	[UTarih] [date] NULL,
	[SKTarih] [date] NULL,
	[Aciklama] [nvarchar](max) NULL,
 CONSTRAINT [PK_tblUrunGirisAlt] PRIMARY KEY CLUSTERED 
(
	[Id] ASC
)WITH (PAD_INDEX = OFF, STATISTICS_NORECOMPUTE = OFF, IGNORE_DUP_KEY = OFF, ALLOW_ROW_LOCKS = ON, ALLOW_PAGE_LOCKS = ON, OPTIMIZE_FOR_SEQUENTIAL_KEY = OFF) ON [PRIMARY]
) ON [PRIMARY] TEXTIMAGE_ON [PRIMARY]
GO
/****** Object:  Table [dbo].[tblUrunGirisUst]    Script Date: 27.03.2022 16:32:31 ******/
SET ANSI_NULLS ON
GO
SET QUOTED_IDENTIFIER ON
GO
CREATE TABLE [dbo].[tblUrunGirisUst](
	[Id] [int] IDENTITY(1,1) NOT NULL,
	[GirisId] [int] NULL,
	[CariTip] [nvarchar](10) NULL,
	[CariAdi] [nvarchar](100) NULL,
	[CariId] [int] NULL,
	[GirisTuru] [nvarchar](20) NULL,
	[FaturaNo] [nvarchar](30) NULL,
	[Aciklama] [nvarchar](350) NULL,
	[GirisTarih] [date] NULL,
	[isDeleted] [bit] NULL,
	[CreatedDate] [date] NULL,
	[CreatedUser] [int] NULL,
	[UpdateDate] [date] NULL,
	[UpdateUser] [int] NULL,
 CONSTRAINT [PK_tblUrunGirisUst] PRIMARY KEY CLUSTERED 
(
	[Id] ASC
)WITH (PAD_INDEX = OFF, STATISTICS_NORECOMPUTE = OFF, IGNORE_DUP_KEY = OFF, ALLOW_ROW_LOCKS = ON, ALLOW_PAGE_LOCKS = ON, OPTIMIZE_FOR_SEQUENTIAL_KEY = OFF) ON [PRIMARY]
) ON [PRIMARY]
GO
/****** Object:  Table [dbo].[tblUrunKayitAlt]    Script Date: 27.03.2022 16:32:31 ******/
SET ANSI_NULLS ON
GO
SET QUOTED_IDENTIFIER ON
GO
CREATE TABLE [dbo].[tblUrunKayitAlt](
	[Id] [int] IDENTITY(1,1) NOT NULL,
	[Uid] [int] NULL,
	[UIKodu] [nvarchar](50) NULL,
	[GMDMKodu] [nvarchar](50) NULL,
	[UNSPCKodu] [nvarchar](50) NULL,
	[SB] [bit] NULL,
	[KullanimDisi] [bit] NULL,
	[BirimFiyat] [decimal](18, 4) NULL,
	[ParaBirimi] [nvarchar](10) NULL,
	[MinFiyat] [decimal](18, 4) NULL,
	[Ubb] [nvarchar](50) NULL,
	[Sut] [nvarchar](50) NULL,
	[SutFiyat] [decimal](18, 4) NULL,
	[SutAciklama] [nvarchar](250) NULL,
	[Aciklama] [nvarchar](250) NULL,
	[Sinif] [nvarchar](70) NULL,
	[BransAdi] [nvarchar](max) NULL,
	[UTS] [bit] NULL,
 CONSTRAINT [PK_tblUrunKayitAlt] PRIMARY KEY CLUSTERED 
(
	[Id] ASC
)WITH (PAD_INDEX = OFF, STATISTICS_NORECOMPUTE = OFF, IGNORE_DUP_KEY = OFF, ALLOW_ROW_LOCKS = ON, ALLOW_PAGE_LOCKS = ON, OPTIMIZE_FOR_SEQUENTIAL_KEY = OFF) ON [PRIMARY]
) ON [PRIMARY] TEXTIMAGE_ON [PRIMARY]
GO
/****** Object:  Table [dbo].[tblUrunKayitUst]    Script Date: 27.03.2022 16:32:31 ******/
SET ANSI_NULLS ON
GO
SET QUOTED_IDENTIFIER ON
GO
CREATE TABLE [dbo].[tblUrunKayitUst](
	[Id] [int] IDENTITY(1,1) NOT NULL,
	[Uid] [int] NULL,
	[FirmaId] [int] NULL,
	[UrunKodu] [nvarchar](70) NULL,
	[AciklamaTr] [nvarchar](250) NULL,
	[AciklamaEng] [nvarchar](250) NULL,
	[GirisTarih] [date] NULL,
	[Resim] [image] NULL,
	[KullanimSuresi] [int] NULL,
 CONSTRAINT [PK_tblUrunKayitUst] PRIMARY KEY CLUSTERED 
(
	[Id] ASC
)WITH (PAD_INDEX = OFF, STATISTICS_NORECOMPUTE = OFF, IGNORE_DUP_KEY = OFF, ALLOW_ROW_LOCKS = ON, ALLOW_PAGE_LOCKS = ON, OPTIMIZE_FOR_SEQUENTIAL_KEY = OFF) ON [PRIMARY]
) ON [PRIMARY] TEXTIMAGE_ON [PRIMARY]
GO
/****** Object:  Table [dbo].[tblUsers]    Script Date: 27.03.2022 16:32:31 ******/
SET ANSI_NULLS ON
GO
SET QUOTED_IDENTIFIER ON
GO
CREATE TABLE [dbo].[tblUsers](
	[Id] [int] IDENTITY(1,1) NOT NULL,
	[Name] [nvarchar](50) NOT NULL,
	[Password] [nvarchar](10) NOT NULL,
	[UserName] [nvarchar](10) NOT NULL,
 CONSTRAINT [PK_dbo.tblUsers] PRIMARY KEY CLUSTERED 
(
	[Id] ASC
)WITH (PAD_INDEX = OFF, STATISTICS_NORECOMPUTE = OFF, IGNORE_DUP_KEY = OFF, ALLOW_ROW_LOCKS = ON, ALLOW_PAGE_LOCKS = ON, OPTIMIZE_FOR_SEQUENTIAL_KEY = OFF) ON [PRIMARY]
) ON [PRIMARY]
GO
INSERT [dbo].[__MigrationHistory] ([MigrationId], [ContextKey], [Model], [ProductVersion]) VALUES (N'202203082001151_AllInit', N'IEA_ErpProject_CT.Migrations.Configuration', 0x1F8B0800000000000400ED5BDD4EE43614BEAFD4778872D5569400AB955A34B32B768016B1C08A19AADE214FE219521227B51D0AAAFA64BDE823F5157A9C5FDBF9756660B7ABD54A2B707CBEF3E3738EEDE3C3BF7FFF3379FB1806D603A6CC8FC8D4DEDFDDB32D4CDCC8F3C97A6A277CF5FD0FF6DB375F7F3539F1C247EB9762DE2B310F28099BDA779CC7878EC3DC3B1C22B61BFA2E8D58B4E2BB6E143AC88B9C83BDBD1F9DFD7D0703840D589635B94E08F7439CFE02BFCE22E2E2982728B8883C1CB07C1CBECC5354EB128598C5C8C553FBECE4E8F684C61F68F41B76F9ED6CB17B0258FC697706A4B67514F808849AE360655B889088230E221FDE303CE73422EB790C0328583CC518E6AD50C070AECA61357DA8567B07422BA7222CA0DC84F1283404DC7F959BC9D1C94719DB2ECD0886CC8C24B44E8D39B5F932388F08F3C913FE29221EA67E685B3ADFC35940054D8FD9771BC076AC1AC94EE940E067E2DF8E354B029E503C2538E114053BD6876419F8EE397E5A44F7984C491204B21EA0097C5306600858C498F2A76BBCCAB53BF36CCB51E91C9DB02493687265097F75605B97C01C2D035CBA896498398F28FE09134C11C7DE07C439A64460E0D42C35EE1AAF19A2FE22A10543704D0838DBBA408FEF3159F33B08C5D7B675EA3F62AF18C865B8213E84A758409AE0216C8E3CBF830DF8CB96F8F49BAF1BA3709C0560DD1550C760DD05640A63B423D7BF0F5088BA547FBD0DD56F68423655FDC8C37C33049F1DE30083271630EFA228C0881803CD28160E0DE9926E26510E241670E3C5BC89BDED0895038D13EA123DF8EB34FA35D4C5328074707F9CD00472E8350ED249ECCE8FB38DA8293DDEAA44A7340AAFA3A0392F2B736FE751425D217E349000026A2DFC4B5667E2541B42DF36218939627F9001BEEC095DBCDE217A1F791D090B7EDC52C23A8FBCE4D919BD8FF81CBCF1327A764EC2C11A726837D1355A19D31481664C384F96E64462A57E4614DF633E82217F91457E4711612FB0C4379CD5B6B61E8A9683448FDDCE07909964CF6CD3DAE0602D00BE24CE2E5EE2FF0E071C78CC333C4A7C408CFD11D1AE7CBDFF2C8C853FF468BC0DC66D3E7EC458E4FAE9BAB5DF24D5D38DAACE09F12CD3A34EA668CB510A5407C7F763707590776A7F57B3A001CBE2B0A4B2948E402AAF7D5B0F9F2B929DC4AD2337BBF8CF107391575F56B0AFA78E40C4612A5C1E0533101262D827BC1E9E3E71FD1805861A693803035DC85972D4BF1CE3181311A386EB394494E25A5517A7E4AA99B3CF7A134772DD7AD6061A0E1498E60264C9568CE247DE90C0210CF31CCEF278D27D4EA0CE31AF2E09BA7102B1335451D6E5E1358756C1651765CD98920BF7802DB23DA70527DBCF3408C9B28A503DB71E896CE84D49778711D9A4D4B77D516A5E372283486CB4E5D113816ABD861C5CFA66551875B2CA685141755A4AA8930B14C7B03D4825D57CC49A67F5D4D9F773F3EA629861382E6B283296D2969C607B476BAC7D05D620E9A94F198753165A22B103CDBCB0364D8DC416DF2D7875065B7D550BFF2EC8C5CF792E342D7836A4B51CF514B40F459A4CCF39AA5FF4A3A455701420DA70C29A45411292F6E4DD4E5D1620658872D00C27AD30EA38E9A0198EAE5131361C45AB21CA60DAA7E19855255186AB468723157B9A8CD3B6CF75C8935E0515593CBDBCD38D20150B651869D860DDE47AA1B278F20763BCAC42D780977D30B0B95C3A540C2F7F30C6ABCBA77CA8E34D1C2D19D4CE35B564543B2EAAA96E502254779EADE6BFD63D7958E2EB207F9E8C5794D7648462CC2C86B3C28A1EC5D9E87024A93C264349C3C3B1AA02980C558D0E472AAB62325039381C47AD94C960EA17031DCB129AA263396AB6864A5D4D5F4AE5A38984BCEE1AE5A081A7163535C5558B41033D45CD4CD18DD74E9F9DF40DDBE88DF1FE5956D414AB9CB7E27CA44C59DE7AB69A24D3ED65547E6CA67C9ED498959364FA6C643842550D9351AA5103A72BCB5B8ADB95A32FEC30B52B983EA5E45E5EC5B42BD724BFFEF4B7B6D4EE43D914DB02133DF89EB80BCD9F18C7E1AE98B03BFF3D98053EE85B4DB840C45F61C6B37AAF7DB0B77FA0B5C47C3AED290E635E60DEA3F2E2F56B5F18B8B7426DFA3AAEF67F900744DD3B446B1D2015EC88768F46D4B4E1C31C56B3C7367A3BC479996FA3B7A359CFD7C67AAAAD1CA99EB5B2DF1928F238B5FF4C490EADB35F6F33AA1DEB8A828A87D69EF5D746FD1F63CC5BEBFE58FAE6200D9D1F636469E8FB18BDD00D7D1F63446AE8FA1828D2B83689CF2345A9ED08458C7D13A2C76FC70496FC1ABD1158ADAD602334BD7540F3AF21105A23C10884A6B68211307A93C1088896968351C2F0AD2DB9D664B0992F568D045A961C44DDBB830DB2CDF90818E3A683CF230DC94FDD8D1BBDBACF8F7ABB6F3E7E99E3EA4FF3E3705FE6E55D7A86FB186FDD9D0F6A9BBFF88F7D4AEF2A6ABEC47BF9FFE36DBCFE70D7FB3C5D5FC2610FDFD9151872E452A4FF3C370E7AB5ED7C24EF7D236FE1DBF18CDBC02E3BB8B6BFA2B730C95FDF3FCD37F69A09EB057DC3E7731DA8B7FB612B0FE6F5AA0C8489F4674910ADCC5F5710E28F940876950029E79C915554C4A926513145DB2A2E3047B0EFA323CAFD1572397C7631636927D72F284860CA49B8C4DE19B94A789C70501987CB40E98513F1DEC53FED0A50659E5CC5696FFA365400317D7174B922EF123FF04AB94F1BB6B416089148F2B382584B2ECE0CEBA712E93222038172F395F96F81C33800307645E6E8018F910DA2F03D5E23F7A928AEB583F42F846AF6C9B18FD614852CC7A8E8E157F0612F7C7CF31FFFB0F14A9D370000, N'6.4.4')
GO
INSERT [dbo].[__MigrationHistory] ([MigrationId], [ContextKey], [Model], [ProductVersion]) VALUES (N'202203111117269_UpdateBaseEntity', N'IEA_ErpProject_CT.Migrations.Configuration', 0x1F8B0800000000000400ED5BDD4EE43614BEAFD4778872D5569400AB955A34B32B768016B1C08A19AADE214FE219521C27751C0AAAFA64BDE823F5157A9C5FDBF9756660B7ABD54A2B707CBEF3E3E373ECE3C3BF7FFF3379FB1810EB01B3D80FE9D4DEDFDDB32D4CDDD0F3E97A6A277CF5FD0FF6DB375F7F3539F18247EB9762DE2B310F28693CB5EF388F0E1D2776EF7080E2DDC0775918872BBEEB868183BCD039D8DBFBD1D9DF773040D880655993EB84723FC0E92FF0EB2CA42E8E7882C845E86112E7E3F0659EA25A9728C071845C3CB5CF4E8E6E4F58F48185BF6197DFCE16BB2780C59F7667406A5B47C44720D41C93956D214A438E38887C7813E33967215DCF23184064F1146198B74224C6B92A87D5F4A15AED1D08AD9C8AB080729398878121E0FEABDC4C8E4E3ECAD876694630646624A1756ACCA9CD97E43CA4B14F9FF04F21F530F303DBD2F91ECE0813343D66DF6D00DBB16A243BA503819F897F3BD62C213C61784A71C219223BD68764497CF71C3F2DC27B4CA7342144D60334816FCA000C018B0833FE748D57B976679E6D392A9DA3139664124DAE2CE5AF0E6CEB1298A325C1A59B488699F390E19F30C50C71EC7D409C634605064ECD52E3AEF19A21E62F12563004D7840D675B17E8F13DA66B7E075BF1B56D9DFA8FD82B0672196EA80FDB532C204BF01036479EDFC106FC654B7CFACDD78D5138CE02B0EE0AA863B0EE02228531DA91EBDF1314A02ED55F6F43F51B96D04D553FF230DF0CC18F8F31C1E08905CCBB3024185163A019C3C2A1215C763927FCB80DAFC9788935AEAF778FD523EFC5C4CC790D12F3123DF8EB344268208B258190717F9CB004E2EC3526E9A4F8CE8FB264D514426F55A2531606D721698EDDCADCDB79983057481B0E24804DB7163E28AB3371AAA4D1974A243147E41019E04BDEE8E2F50EB1FBD07B7E9787A0761E7AC9B3337A1FF23978E365F8EC9C848335C4D96EA26BB432A629369A31E13C599A138995FA19317C8FF90886FC4516F91D43347E8125BEE1712DFDF550B41C367AEC763E80CC247A66696C83C3B700F81238BB7889FF3B1C70E051D0F030F501C5F11F21EB8AD7FBCFC258F8438FC6DB60DCE6E347711CBA7EBA6EEDB74DF574A3AA73423DCBF4A89329DA729402D5C1F1FD085C1DE49DDADFD52C68C0B2382CA92CA52390CA6BDFD6B7CF15CD4EEBD6919B150766287691575F56B0AFA78EC08EC34CB83C22331012F6B04F797D7BFAD4F523440C35D270066E742167C951FF728C234CC51E355CCF21A21457AFBA382557CD9C7DD69B3892EBD6A336D070A0C02C17200BB662143FF286000EDB308FE171BE9F749F13A873CCAB4B826E1C223243B5CBBA3CBCE6D02AB8ECA27133A6E4C23D608B2CE7B4E064F94C83902CAB08D573EB91C886DE94747718114D4A7DDB17A5E675232288C4465B1E3D10A8D66B88C1A56F56C55327AB9E165556A7A5CC3AB9405104E9412ABBE623D63CABB9CEBE9F9B5720830CC371E3864264296DC909D23B5A63ED2BB006494F7D16733865A125121968E605B569EA4E6CF1DD8257E766ABAF6AE1DF05B9F8398F85A645D186B096A39E82F6810893E93947F58B7E94B4528E08620D27AC59489280B607EF76EAB248294394836638691552C74907CD70748D8AB1E1285A9D5106D33E0DC7ACAA8D325C353A1CA9C869324E5B9EEB9027BD0A2AB2787A79A71B412A28CA30D2B0C1BAC9354565F1E40FC6785941AE012FFB606073B998A8185EFE608C57974FF950C79B385A30A89D6B6AC1A8765C5443DDA040A8669EADC6BFD69C3C2CF075903F4FC42BCA6B32423166B687B3C28ABE8BB3D1E14852794C869286876355053019AA1A1D8E5456C564A07270388E5A2993C1D42F063A96253445C772D46C0D95BA9ABE94CA47130979DD35CA41034F2D6A6A8AAB1683067A8A9A99A21BAF9D3E3BE91BD2E88D71FE2C2B6A8A55CE5B713E52A42C6F3D5B0D92697A19151F9B299F273466E524993E1B198E5055C364946AD4C0E9CAF296E276E5E80B3B4CED0AA64F29B9975731EDCA35C9AF3FFDED2FB5FB5036C5B6C0440FBE27EE42F3A798E360574CD89DFF4E66C4077DAB091788FA2B1CF3ACDE6B1FECED1F686D339F4E0B8B13C71E31EF6379F1FAB52F0CDC5BA1367D8A577B44E80362EE1D62B52E910A76444B48236ADA14620EABD9631BFD1FE2BCCCB7D1FFD1ACE76B633DD5768F54CF5AD9EF0C14799CDA7FA62487D6D9AFB719D58E75C540C5436BCFFA6BA31E9131E6AD75882C7D739086EE90C2B0DF04E8F15B63AFA9778034ADB84197C6D6446BE8FA1826DAB8B689CF2364A9ED099BD95F6B41D808ACD666B0119ADE4AA06DC721105A63C10884A6368311307AD3C1088896168451C2F0AD2DB9D674B0992F568D055AD41C44DD9BD106D9E67C048C7113C2E71186E4A7EFC6C4AFE6FD516FF9CDC731735CFDA97E1CEECBBCC44BCF721FE3EDBBF3816DF30E80B14FEB5D45CE97783FFF7FBC95D71FF27A9FABEB4B38EC213CBB12438C5C8AF09FC7C641AFB89D8FE6BD6FE62D7C3B9E751BD86507D8F657F51626F96BFCA7F9E65E3361BDC06FF89CAE03F576436CE501BD5EA5816D22FD2913ECD6D85F5710E20F9B2876950D52CE39A3ABB0D8A79A44C5142D555C608E20EFA323C6FD1572397C76711CA79D5DBF2092C094936089BD337A95F028E1A0320E9644E98D13FBBD8B7FDA25A0CA3CB98AD25EF56DA80062FAE2E87245DF253EF14AB94F1B525A0B840824F95941AC25176786F553897419D28140B9F9CAF8B7C04144002CBEA273F480C7C806BBF03D5E23F7A928B6B583F42F846AF6C9B18FD60C05718E51D1C3AFE0C35EF0F8E63F56D6A2F1D1370000, N'6.4.4')
GO
INSERT [dbo].[__MigrationHistory] ([MigrationId], [ContextKey], [Model], [ProductVersion]) VALUES (N'202203111207561_AddGonderimId', N'IEA_ErpProject_CT.Migrations.Configuration', 0x1F8B0800000000000400ED5BDD4EE43614BEAFD4778872D5569400AB955A34B32B768016B1C08A19AADE214FE219521227B51D0AAAFA64BDE823F5157A9C5FDBF9756660B7ABD54A2B707CBEF3E3E373ECE3C3BF7FFF3379FB1806D603A6CC8FC8D4DEDFDDB32D4CDCC8F3C97A6A277CF5FD0FF6DB375F7F3539F1C247EB9762DE2B310F28099BDA779CC7878EC3DC3B1C22B61BFA2E8D58B4E2BB6E143AC88B9C83BDBD1F9DFD7D0703840D589635B94E08F7439CFE02BFCE22E2E2982728B8883C1CB07C1CBECC5354EB128598C5C8C553FBECE4E8F684C61F68F41B76F9ED6CB17B0258FC697706A4B67514F808849AE360655B889088230E221FDE303CE73422EB790C0328583CC518E6AD50C070AECA61357DA8567B07422BA7222CA0DC84F1283404DC7F959BC9D1C94719DB2ECD0886CC8C24B44E8D39B5F932388F08F3C913FE29221EA67E685B3ADFC35940054D8FD9771BC076AC1AC94EE940E067E2DF8E354B029E503C2538E114053BD6876419F8EE397E5A44F7984C491204B21EA0097C5306600858C498F2A76BBCCAB53BF36CCB51E91C9DB02493687265097F75605B97C01C2D035CBA896498398F28FE09134C11C7DE07C439A64460E0D42C35EE1AAFC24AFD3CBB716688FA8B841620E0E2B0716DEB023DBEC764CDEF604BBFB6AD53FF117BC5408E7B437CD8E6C211683288CD91E777B001BFDB129F4D4D52987601587705D431ACD202228E31DA91EBDF0728445DAABFDE86EA3734219BAA7EE461BE1982CF8E7180C1A30B987751146044CC1D9362B13120EC763927FCB80DAFC9788935AEAF778FD563EFC5C4CC790D12F3123DF8EB34D268208B6500A1E7FE38A109C4EB6B1CA493D89D1F6749AF2914DFAA44A7340AAFA3A0390728736FE751425D216D34900036DD5AF8A0ACCEC4A9924F5F4A92C41C918B64802FF9A78BD73B44EF23EFF95D1E82DA79E425CFCEE87DC4E7E08D97D1B373120ED61067BB89AED1CA98A6D868C684F364694E2456EA6744F13DE62318F21759E4771411F6024B7CC3592DFDF550B41C367AEC763E80CC247A66696C8343BC00F81238BB7889FF3B1C70E051D0F030F50131F64744BBE2F5FEB33016FED0A3F13618B7F9F8116391EBA7EBD67E6B554F37AA3A27C4B34C8F3A99A22D4729501D1CDF8FC1D541DEA9FD5DCD82062C8BC392CA523A02A9BCF66D7DFB5C91ECB46E1DB959916186988BBCFAB2827D3D7504761CA6C2E551300321610FFB84D7B7A74F5C3F4681A1461ACEC08D2EE42C39EA5F8E718C89D8A386EB394494E2EA5517A7E4AA99B3CF7A134772DD7AD4061A0E1498E60264C1568CE247DE10C0611BE6319CE5FB49F739813AC7BCBA24E8C6094466A876599787D71C5A05975D9435634A2EDC03B6C8724E0B4E96CF3408C9B28A503DB71E896CE84D49778711D1A4D4B77D516A5E372282486CB4E5D103816ABD86185CFA66558475B22A6C51AD755ACAB5930B14C7901EA4F26D3E62CDB3DAEDECFBB9792533CC301C973514344B694B4E90DED11A6B5F8135487AEA53C6E19485964864A09917D6A6A93BB1C5770B5E9D9BADBEAA857F17E4E2E73C169A16571BC25A8E7A0ADA87224CA6E71CD52FFA51D28A3B0A106D3861CDA22009497BF06EA7968B9D328A3C3E1CAD2C79CA50E5A0194E5AD3D471D241331C5DB362CCDC46F98DA0C94CF9A7E19855ED5286AB468723151952C669CB9A1DF2A4174B45164F2F16752348E54919461A365837B942A92C9EFCC1182F2BEF35E0651F0C6C2E972615C3CB1F8CF1EAF2291FEA7813470B2DB553522DB4D50E9F6AE01C1456D53CB6D568DA9AE18785D10EF2E7899F45B14E4628C6CCF67056A6D17771363A1C492AB6C950D2F070ACAA9C264355A3C391CA1A9B0C540E0EC751EB6E3298FAC540C7B220A7E8588E9AADA152A5D39752F9682221AFBB463968E0A945854E71D562D0404F51815374E3B5B36C277D431ABD31CE9F657D4EB1CA792BCE478A94E51D6AAB41324D2FA3E26333E5F384C6AC3825D36723C311AADA9A8C528D1A385D592C53DCAE1C7D6187A95DE8F42925F7F262A75DE026F965AABF29A776BBCAA6D81698E8C1F7C4CD6AFEC4380E77C584DDF9EFC12CF041DF6AC20522FE0A339E558FED83BDFD03AD99E7D369AC7118F302F3EE9A17AF86FBC2C0BDF5EE91ED151A9BCDFA56C803A2EE1DA2B5CE950A76449B4A236ADAA8620EBB99BA8D3D29E2D4CDB7D193D2ACE76B633DD5169454CF5A29F20C14799CDA7FA62487D6D9AFB719D58E754541C5436BCFFA6BA3BE9531E6AD75AD2CFD112E59EF58290CFB4D881EBF35F69A7A574AD38A1B748E6C4DB4864E9461A28D6BE5F83C029FDA32B199FDB5B6888DC06AAD0F1BA1E9ED0DDA761C02A1353B8C40686A7D1801A337428C8068698B18250CDFDA926B8D109BF962D5ECA045CD41D4BD196D906DCE47C01837467C1E61487E8E6F4CFC6ADE1FD55FD07C1C33C7D5DB07C6E1BE4C7780F454F831DEE33B1FFD36EF4A18FBDCDF552A7D8937FDFFC7FB7DFD71B1FBD5BB7109873DCE67176B88914B11FEF3D838E865B9F321BFF71DBF856FC7537303BBEC00DBFED2DFC224EF10F834FB006A26AC3F13183EF1EB40BD1D1A5B79D4AFD77A609B487FA605BB95F9EB0A42FCD116C1AEB241CA3967641515FB5493A898A2A58A0BCC11E47D7444B9BF422E87CF2E662CED36FB0505094C390997D83B2357098F130E2AE3701928FD7A62BF77F14F3B175499275771DA3FBF0D15404C5F1C5DAEC8BBC40FBC52EED38694D6022102497E56106BC9C59961FD54225D466420506EBE32FE2D70180700C6AEC81C3DE031B2C12E7C8FD7C87D2A4A76ED20FD0BA19A7D72ECA3354521CB312A7AF8157CD80B1FDFFC070105D94BAD380000, N'6.4.4')
GO
SET IDENTITY_INSERT [dbo].[Sehirler] ON 
GO
INSERT [dbo].[Sehirler] ([Id], [code], [name]) VALUES (1, N'01', N'Adana')
GO
INSERT [dbo].[Sehirler] ([Id], [code], [name]) VALUES (2, N'02', N'Adıyaman')
GO
INSERT [dbo].[Sehirler] ([Id], [code], [name]) VALUES (3, N'03', N'Afyon')
GO
INSERT [dbo].[Sehirler] ([Id], [code], [name]) VALUES (4, N'04', N'Ağrı')
GO
INSERT [dbo].[Sehirler] ([Id], [code], [name]) VALUES (5, N'05', N'Amasya')
GO
INSERT [dbo].[Sehirler] ([Id], [code], [name]) VALUES (6, N'06', N'Ankara')
GO
INSERT [dbo].[Sehirler] ([Id], [code], [name]) VALUES (7, N'07', N'Antalya')
GO
INSERT [dbo].[Sehirler] ([Id], [code], [name]) VALUES (8, N'08', N'Artvin')
GO
INSERT [dbo].[Sehirler] ([Id], [code], [name]) VALUES (9, N'09', N'Aydın')
GO
INSERT [dbo].[Sehirler] ([Id], [code], [name]) VALUES (10, N'10', N'Balıkesir')
GO
INSERT [dbo].[Sehirler] ([Id], [code], [name]) VALUES (11, N'11', N'Bilecik')
GO
INSERT [dbo].[Sehirler] ([Id], [code], [name]) VALUES (12, N'12', N'Bingöl')
GO
INSERT [dbo].[Sehirler] ([Id], [code], [name]) VALUES (13, N'13', N'Bitlis')
GO
INSERT [dbo].[Sehirler] ([Id], [code], [name]) VALUES (14, N'14', N'Bolu')
GO
INSERT [dbo].[Sehirler] ([Id], [code], [name]) VALUES (15, N'15', N'Burdur')
GO
INSERT [dbo].[Sehirler] ([Id], [code], [name]) VALUES (16, N'16', N'Bursa')
GO
INSERT [dbo].[Sehirler] ([Id], [code], [name]) VALUES (17, N'17', N'Çanakkale')
GO
INSERT [dbo].[Sehirler] ([Id], [code], [name]) VALUES (18, N'18', N'Çankırı')
GO
INSERT [dbo].[Sehirler] ([Id], [code], [name]) VALUES (19, N'19', N'Çorum')
GO
INSERT [dbo].[Sehirler] ([Id], [code], [name]) VALUES (20, N'20', N'Denizli')
GO
INSERT [dbo].[Sehirler] ([Id], [code], [name]) VALUES (21, N'21', N'Diyarbakır')
GO
INSERT [dbo].[Sehirler] ([Id], [code], [name]) VALUES (22, N'22', N'Edirne')
GO
INSERT [dbo].[Sehirler] ([Id], [code], [name]) VALUES (23, N'23', N'Elazığ')
GO
INSERT [dbo].[Sehirler] ([Id], [code], [name]) VALUES (24, N'24', N'Erzincan')
GO
INSERT [dbo].[Sehirler] ([Id], [code], [name]) VALUES (25, N'25', N'Erzurum')
GO
INSERT [dbo].[Sehirler] ([Id], [code], [name]) VALUES (26, N'26', N'Eskişehir')
GO
INSERT [dbo].[Sehirler] ([Id], [code], [name]) VALUES (27, N'27', N'Gaziantep')
GO
INSERT [dbo].[Sehirler] ([Id], [code], [name]) VALUES (28, N'28', N'Giresun')
GO
INSERT [dbo].[Sehirler] ([Id], [code], [name]) VALUES (29, N'29', N'Gümüşhane')
GO
INSERT [dbo].[Sehirler] ([Id], [code], [name]) VALUES (30, N'30', N'Hakkari')
GO
INSERT [dbo].[Sehirler] ([Id], [code], [name]) VALUES (31, N'31', N'Hatay')
GO
INSERT [dbo].[Sehirler] ([Id], [code], [name]) VALUES (32, N'32', N'Isparta')
GO
INSERT [dbo].[Sehirler] ([Id], [code], [name]) VALUES (33, N'33', N'Mersin')
GO
INSERT [dbo].[Sehirler] ([Id], [code], [name]) VALUES (34, N'34', N'İstanbul')
GO
INSERT [dbo].[Sehirler] ([Id], [code], [name]) VALUES (35, N'35', N'İzmir')
GO
INSERT [dbo].[Sehirler] ([Id], [code], [name]) VALUES (36, N'36', N'Kars')
GO
INSERT [dbo].[Sehirler] ([Id], [code], [name]) VALUES (37, N'37', N'Kastamonu')
GO
INSERT [dbo].[Sehirler] ([Id], [code], [name]) VALUES (38, N'38', N'Kayseri')
GO
INSERT [dbo].[Sehirler] ([Id], [code], [name]) VALUES (39, N'39', N'Kırklareli')
GO
INSERT [dbo].[Sehirler] ([Id], [code], [name]) VALUES (40, N'40', N'Kırşehir')
GO
INSERT [dbo].[Sehirler] ([Id], [code], [name]) VALUES (41, N'41', N'Kocaeli')
GO
INSERT [dbo].[Sehirler] ([Id], [code], [name]) VALUES (42, N'42', N'Konya')
GO
INSERT [dbo].[Sehirler] ([Id], [code], [name]) VALUES (43, N'43', N'Kütahya')
GO
INSERT [dbo].[Sehirler] ([Id], [code], [name]) VALUES (44, N'44', N'Malatya')
GO
INSERT [dbo].[Sehirler] ([Id], [code], [name]) VALUES (45, N'45', N'Manisa')
GO
INSERT [dbo].[Sehirler] ([Id], [code], [name]) VALUES (46, N'46', N'K.Maraş')
GO
INSERT [dbo].[Sehirler] ([Id], [code], [name]) VALUES (47, N'47', N'Mardin')
GO
INSERT [dbo].[Sehirler] ([Id], [code], [name]) VALUES (48, N'48', N'Muğla')
GO
INSERT [dbo].[Sehirler] ([Id], [code], [name]) VALUES (49, N'49', N'Muş')
GO
INSERT [dbo].[Sehirler] ([Id], [code], [name]) VALUES (50, N'50', N'Nevşehir')
GO
INSERT [dbo].[Sehirler] ([Id], [code], [name]) VALUES (51, N'51', N'Niğde')
GO
INSERT [dbo].[Sehirler] ([Id], [code], [name]) VALUES (52, N'52', N'Ordu')
GO
INSERT [dbo].[Sehirler] ([Id], [code], [name]) VALUES (53, N'53', N'Rize')
GO
INSERT [dbo].[Sehirler] ([Id], [code], [name]) VALUES (54, N'54', N'Sakarya')
GO
INSERT [dbo].[Sehirler] ([Id], [code], [name]) VALUES (55, N'55', N'Samsun')
GO
INSERT [dbo].[Sehirler] ([Id], [code], [name]) VALUES (56, N'56', N'Siirt')
GO
INSERT [dbo].[Sehirler] ([Id], [code], [name]) VALUES (57, N'57', N'Sinop')
GO
INSERT [dbo].[Sehirler] ([Id], [code], [name]) VALUES (58, N'58', N'Sivas')
GO
INSERT [dbo].[Sehirler] ([Id], [code], [name]) VALUES (59, N'59', N'Tekirdağ')
GO
INSERT [dbo].[Sehirler] ([Id], [code], [name]) VALUES (60, N'60', N'Tokat')
GO
INSERT [dbo].[Sehirler] ([Id], [code], [name]) VALUES (61, N'61', N'Trabzon')
GO
INSERT [dbo].[Sehirler] ([Id], [code], [name]) VALUES (62, N'62', N'Tunceli')
GO
INSERT [dbo].[Sehirler] ([Id], [code], [name]) VALUES (63, N'63', N'Şanlıurfa')
GO
INSERT [dbo].[Sehirler] ([Id], [code], [name]) VALUES (64, N'64', N'Uşak')
GO
INSERT [dbo].[Sehirler] ([Id], [code], [name]) VALUES (65, N'65', N'Van')
GO
INSERT [dbo].[Sehirler] ([Id], [code], [name]) VALUES (66, N'66', N'Yozgat')
GO
INSERT [dbo].[Sehirler] ([Id], [code], [name]) VALUES (67, N'67', N'Zonguldak')
GO
INSERT [dbo].[Sehirler] ([Id], [code], [name]) VALUES (68, N'68', N'Aksaray')
GO
INSERT [dbo].[Sehirler] ([Id], [code], [name]) VALUES (69, N'69', N'Bayburt')
GO
INSERT [dbo].[Sehirler] ([Id], [code], [name]) VALUES (70, N'70', N'Karaman')
GO
INSERT [dbo].[Sehirler] ([Id], [code], [name]) VALUES (71, N'71', N'Kırıkkale')
GO
INSERT [dbo].[Sehirler] ([Id], [code], [name]) VALUES (72, N'72', N'Batman')
GO
INSERT [dbo].[Sehirler] ([Id], [code], [name]) VALUES (73, N'73', N'Şırnak')
GO
INSERT [dbo].[Sehirler] ([Id], [code], [name]) VALUES (74, N'74', N'Bartın')
GO
INSERT [dbo].[Sehirler] ([Id], [code], [name]) VALUES (75, N'75', N'Ardahan')
GO
INSERT [dbo].[Sehirler] ([Id], [code], [name]) VALUES (76, N'76', N'Iğdır')
GO
INSERT [dbo].[Sehirler] ([Id], [code], [name]) VALUES (77, N'77', N'Yalova')
GO
INSERT [dbo].[Sehirler] ([Id], [code], [name]) VALUES (78, N'78', N'Karabük')
GO
INSERT [dbo].[Sehirler] ([Id], [code], [name]) VALUES (79, N'79', N'Kilis')
GO
INSERT [dbo].[Sehirler] ([Id], [code], [name]) VALUES (80, N'80', N'Osmaniye')
GO
INSERT [dbo].[Sehirler] ([Id], [code], [name]) VALUES (81, N'81', N'Düzce')
GO
INSERT [dbo].[Sehirler] ([Id], [code], [name]) VALUES (82, N'84', N'Sehir Secin')
GO
SET IDENTITY_INSERT [dbo].[Sehirler] OFF
GO
SET IDENTITY_INSERT [dbo].[tblDepartmanlar] ON 
GO
INSERT [dbo].[tblDepartmanlar] ([Id], [DepartmanKodu], [Adi]) VALUES (1, N'H', N'Ameliyathane')
GO
INSERT [dbo].[tblDepartmanlar] ([Id], [DepartmanKodu], [Adi]) VALUES (2, N'H', N'Satin Alma')
GO
INSERT [dbo].[tblDepartmanlar] ([Id], [DepartmanKodu], [Adi]) VALUES (3, N'H', N'Muhasebe')
GO
INSERT [dbo].[tblDepartmanlar] ([Id], [DepartmanKodu], [Adi]) VALUES (4, N'H', N'Poliklinik')
GO
INSERT [dbo].[tblDepartmanlar] ([Id], [DepartmanKodu], [Adi]) VALUES (5, N'H', N'Servis')
GO
INSERT [dbo].[tblDepartmanlar] ([Id], [DepartmanKodu], [Adi]) VALUES (6, N'H', N'Acil')
GO
INSERT [dbo].[tblDepartmanlar] ([Id], [DepartmanKodu], [Adi]) VALUES (7, N'H', N'Yogun Bakim')
GO
INSERT [dbo].[tblDepartmanlar] ([Id], [DepartmanKodu], [Adi]) VALUES (8, N'F', N'Satin Alma')
GO
INSERT [dbo].[tblDepartmanlar] ([Id], [DepartmanKodu], [Adi]) VALUES (9, N'F', N'Muhasebe')
GO
INSERT [dbo].[tblDepartmanlar] ([Id], [DepartmanKodu], [Adi]) VALUES (10, N'F', N'Evrak')
GO
INSERT [dbo].[tblDepartmanlar] ([Id], [DepartmanKodu], [Adi]) VALUES (11, N'F', N'Depo')
GO
INSERT [dbo].[tblDepartmanlar] ([Id], [DepartmanKodu], [Adi]) VALUES (12, N'F', N'Lojistik')
GO
SET IDENTITY_INSERT [dbo].[tblDepartmanlar] OFF
GO
SET IDENTITY_INSERT [dbo].[tblDoktorlar] ON 
GO
INSERT [dbo].[tblDoktorlar] ([Id], [Unvan], [Adi], [Hastane1Id], [Hastane2Id], [Hastane3Id], [Muayenehane], [Tel1], [Tel2], [Gsm], [Email], [DTarih], [SehirId], [VergiDairesi], [VergiNo]) VALUES (1, N'ProfDr', N'Ahmet Mahmudovt', 3, 2, 3, N'mahmudov malikanesi', N'(567) 945-6465', N'(789) 496-5466', N'(456) 465-4566', N'mahmudav@gmail.com', CAST(N'1991-12-01T19:10:42.000' AS DateTime), 3, N'MVO', N'53434534533')
GO
INSERT [dbo].[tblDoktorlar] ([Id], [Unvan], [Adi], [Hastane1Id], [Hastane2Id], [Hastane3Id], [Muayenehane], [Tel1], [Tel2], [Gsm], [Email], [DTarih], [SehirId], [VergiDairesi], [VergiNo]) VALUES (2, N'ProfDr', N'Salam Makarna', 2, 3, 1, N'mahmudov malikanesi', N'(654) 656-4646', N'(123) 123-1321', N'(556) 545-6564', N'salam@gmail.com', CAST(N'1992-02-01T19:10:42.000' AS DateTime), 5, N'MVO', N'53434534533')
GO
INSERT [dbo].[tblDoktorlar] ([Id], [Unvan], [Adi], [Hastane1Id], [Hastane2Id], [Hastane3Id], [Muayenehane], [Tel1], [Tel2], [Gsm], [Email], [DTarih], [SehirId], [VergiDairesi], [VergiNo]) VALUES (3, N'YrdDocDr', N'Mehmet Morinovt', 1, 3, 2, N'sdfdsfsdfdsdfs', N'(124) 122-1412', N'(363) 464-3634', N'(645) 645-6456', N'mmmm', CAST(N'2022-02-19T19:18:50.000' AS DateTime), NULL, N'asd', N'12312312312')
GO
SET IDENTITY_INSERT [dbo].[tblDoktorlar] OFF
GO
SET IDENTITY_INSERT [dbo].[tblFirmaDetaylar] ON 
GO
INSERT [dbo].[tblFirmaDetaylar] ([Id], [GirisId], [GirisAdi], [YetkiliAdi], [DepartmanId], [Tel], [Gsm], [Email]) VALUES (1, 5, NULL, N'Ahmet', 9, N'(123) 123-1231', N'(124) 124-1241', N'ahmet                                             ')
GO
SET IDENTITY_INSERT [dbo].[tblFirmaDetaylar] OFF
GO
SET IDENTITY_INSERT [dbo].[tblFirmalar] ON 
GO
INSERT [dbo].[tblFirmalar] ([Id], [Adi], [Adres], [SehirId], [FirmaTip], [VergiDairesi], [VergiNo], [Tel], [Email]) VALUES (1, N'Aselsan', N'Ankara55', 54, N'Distiributor', N'AVD', N'12312312312', N'(123) 123-123', N'aselsan@gmail.com')
GO
INSERT [dbo].[tblFirmalar] ([Id], [Adi], [Adres], [SehirId], [FirmaTip], [VergiDairesi], [VergiNo], [Tel], [Email]) VALUES (5, N'Wissen', N'besktast', 54, N'AnaSatici', N'bvd', N'12312312312', N'(231) 231-2312', N'wssn')
GO
SET IDENTITY_INSERT [dbo].[tblFirmalar] OFF
GO
SET IDENTITY_INSERT [dbo].[tblHastaneDetaylar] ON 
GO
INSERT [dbo].[tblHastaneDetaylar] ([Id], [GirisId], [GirisAdi], [YetkiliAdi], [DepartmanId], [Tel], [Gsm], [Email]) VALUES (1, 1, NULL, N'fgdfdgddf', 1, N'(123) 121-2312', N'(123) 123-1232', N'asdasdsadas                                       ')
GO
SET IDENTITY_INSERT [dbo].[tblHastaneDetaylar] OFF
GO
SET IDENTITY_INSERT [dbo].[tblHastaneler] ON 
GO
INSERT [dbo].[tblHastaneler] ([Id], [Adi], [TipID], [Adres], [SehirId], [Tel], [CariAdi], [VergiDairesi], [VergiNo]) VALUES (1, N'Mahmudiye', 2, N'asddsasdat', 34, N'(453) 453-4535', N'Mahmud', N'CNO', N'64654646546')
GO
INSERT [dbo].[tblHastaneler] ([Id], [Adi], [TipID], [Adres], [SehirId], [Tel], [CariAdi], [VergiDairesi], [VergiNo]) VALUES (2, N'Dizdariye', 2, N'buyuktrt', 32, N'(123) 123-1254', N'Dizdariye Saglik Hizmet Ltd Sti', N'Buyukcekmece VD', N'47634331456')
GO
INSERT [dbo].[tblHastaneler] ([Id], [Adi], [TipID], [Adres], [SehirId], [Tel], [CariAdi], [VergiDairesi], [VergiNo]) VALUES (3, N'Carsamba', 1, N'asfasffasfasfast', 2, N'(654) 564-5644', N'Carsamba', N'sasadas', N'46363443534')
GO
SET IDENTITY_INSERT [dbo].[tblHastaneler] OFF
GO
SET IDENTITY_INSERT [dbo].[tblHastanetip] ON 
GO
INSERT [dbo].[tblHastanetip] ([Id], [TipAdi]) VALUES (1, N'Devlet')
GO
INSERT [dbo].[tblHastanetip] ([Id], [TipAdi]) VALUES (2, N'Ozel')
GO
INSERT [dbo].[tblHastanetip] ([Id], [TipAdi]) VALUES (3, N'Vakif')
GO
SET IDENTITY_INSERT [dbo].[tblHastanetip] OFF
GO
SET IDENTITY_INSERT [dbo].[tblKonsinyeGonderimler] ON 
GO
INSERT [dbo].[tblKonsinyeGonderimler] ([Id], [CariTur], [CariAdi], [CariId], [GonderimTarih], [Aciklama], [UrunId], [Adet], [isDeleted], [CreatedUser], [CreatedDate], [UpdatedUser], [UpdatedDate], [GonderimId]) VALUES (1, N'Firma', N'Wissen', 1, CAST(N'2022-03-10T02:12:37.570' AS DateTime), N'asdasddas', 4, 200, 0, N'-1', CAST(N'2022-03-10T02:13:24.990' AS DateTime), N'-1', CAST(N'2022-03-10T02:13:24.990' AS DateTime), 1)
GO
INSERT [dbo].[tblKonsinyeGonderimler] ([Id], [CariTur], [CariAdi], [CariId], [GonderimTarih], [Aciklama], [UrunId], [Adet], [isDeleted], [CreatedUser], [CreatedDate], [UpdatedUser], [UpdatedDate], [GonderimId]) VALUES (2, N'Hastane', N'Dizdariye', 1, CAST(N'2022-03-11T14:43:59.353' AS DateTime), N'asdadsas', 12, 50, 0, N'CagriT', CAST(N'2022-03-11T14:44:41.930' AS DateTime), NULL, NULL, 2)
GO
SET IDENTITY_INSERT [dbo].[tblKonsinyeGonderimler] OFF
GO
SET IDENTITY_INSERT [dbo].[tblPersoneller] ON 
GO
INSERT [dbo].[tblPersoneller] ([Id], [Unvan], [Adi], [DepartmanId], [Tel], [Gsm], [Email], [Adres], [SehirId], [IsBaslangicTarih], [IsBitisTarih]) VALUES (1, N'Hasta Bakici', N'Trikov Milikov', 2, N'(123) 123-2131', N'(112) 412-4214', N'sdfsdfdsfds', N'Tarlabasi+-', 2, CAST(N'2022-02-01T21:52:22.000' AS DateTime), CAST(N'2052-02-20T21:52:22.000' AS DateTime))
GO
INSERT [dbo].[tblPersoneller] ([Id], [Unvan], [Adi], [DepartmanId], [Tel], [Gsm], [Email], [Adres], [SehirId], [IsBaslangicTarih], [IsBitisTarih]) VALUES (3, N'Hemsire', N'Baba Dede', 6, N'(121) 231-2312', N'(123) 123-1231', N'dfgdfgdf', N'Babaeski', 6, CAST(N'2022-01-31T22:02:51.000' AS DateTime), CAST(N'2029-01-01T22:02:51.000' AS DateTime))
GO
SET IDENTITY_INSERT [dbo].[tblPersoneller] OFF
GO
SET IDENTITY_INSERT [dbo].[tblStokDurum] ON 
GO
INSERT [dbo].[tblStokDurum] ([Id], [Barkod], [UrunKodu], [LotSeriNo], [StokAdet], [RafAdet], [KonsinyeAdet], [SubeAdet], [UrunHareketAdet], [SutKodu], [BransNo], [Uts], [UTarih], [SKTarih]) VALUES (2, N'TT-1005/1234', N'TT-1005', N'1234', 450, 450, 0, 0, 0, N'', N' ', 1, CAST(N'1999-02-01' AS Date), CAST(N'2002-02-01' AS Date))
GO
INSERT [dbo].[tblStokDurum] ([Id], [Barkod], [UrunKodu], [LotSeriNo], [StokAdet], [RafAdet], [KonsinyeAdet], [SubeAdet], [UrunHareketAdet], [SutKodu], [BransNo], [Uts], [UTarih], [SKTarih]) VALUES (3, N'TT-1005/4056', N'TT-1005', N'4056', 380, 380, 0, 0, 0, N'', N'', 0, CAST(N'2021-03-05' AS Date), CAST(N'2024-03-05' AS Date))
GO
INSERT [dbo].[tblStokDurum] ([Id], [Barkod], [UrunKodu], [LotSeriNo], [StokAdet], [RafAdet], [KonsinyeAdet], [SubeAdet], [UrunHareketAdet], [SutKodu], [BransNo], [Uts], [UTarih], [SKTarih]) VALUES (4, N'TR-1005/1234', N'TR-1005', N'1234', 500, 500, 0, 0, 0, N'', N'', 1, CAST(N'1999-02-01' AS Date), CAST(N'2002-06-01' AS Date))
GO
INSERT [dbo].[tblStokDurum] ([Id], [Barkod], [UrunKodu], [LotSeriNo], [StokAdet], [RafAdet], [KonsinyeAdet], [SubeAdet], [UrunHareketAdet], [SutKodu], [BransNo], [Uts], [UTarih], [SKTarih]) VALUES (5, N'TT-1005/123', N'TT-1005', N'123', 700, 700, 0, 0, 0, N'', N'', 0, CAST(N'1998-02-01' AS Date), CAST(N'2001-02-01' AS Date))
GO
INSERT [dbo].[tblStokDurum] ([Id], [Barkod], [UrunKodu], [LotSeriNo], [StokAdet], [RafAdet], [KonsinyeAdet], [SubeAdet], [UrunHareketAdet], [SutKodu], [BransNo], [Uts], [UTarih], [SKTarih]) VALUES (9, N'TT-1005/444', N'TT-1005', N'444', 1295, 1295, 0, 0, 0, N'', N'', 0, CAST(N'1999-05-01' AS Date), CAST(N'2002-05-01' AS Date))
GO
INSERT [dbo].[tblStokDurum] ([Id], [Barkod], [UrunKodu], [LotSeriNo], [StokAdet], [RafAdet], [KonsinyeAdet], [SubeAdet], [UrunHareketAdet], [SutKodu], [BransNo], [Uts], [UTarih], [SKTarih]) VALUES (10, N'TT-1005/555', N'TT-1005', N'555', 400, 400, 0, 0, 0, N'', N'', 0, CAST(N'2005-05-03' AS Date), CAST(N'2008-05-03' AS Date))
GO
INSERT [dbo].[tblStokDurum] ([Id], [Barkod], [UrunKodu], [LotSeriNo], [StokAdet], [RafAdet], [KonsinyeAdet], [SubeAdet], [UrunHareketAdet], [SutKodu], [BransNo], [Uts], [UTarih], [SKTarih]) VALUES (11, N'TT-1005/666', N'TT-1005', N'666', 300, 300, 0, 0, 0, N'', N'', 0, CAST(N'2007-08-03' AS Date), CAST(N'2010-08-03' AS Date))
GO
INSERT [dbo].[tblStokDurum] ([Id], [Barkod], [UrunKodu], [LotSeriNo], [StokAdet], [RafAdet], [KonsinyeAdet], [SubeAdet], [UrunHareketAdet], [SutKodu], [BransNo], [Uts], [UTarih], [SKTarih]) VALUES (12, N'TT-1005/999', N'TT-1005', N'999', 800, 800, 0, 0, 0, N'', N'', 0, CAST(N'2005-08-01' AS Date), CAST(N'2008-08-01' AS Date))
GO
SET IDENTITY_INSERT [dbo].[tblStokDurum] OFF
GO
SET IDENTITY_INSERT [dbo].[tblUrunGirisAlt] ON 
GO
INSERT [dbo].[tblUrunGirisAlt] ([Id], [GirisId], [Barkod], [UrunKodu], [LotSeriNo], [GirisAdet], [GirisTarih], [BransNo], [UtsDurum], [UTarih], [SKTarih], [Aciklama]) VALUES (1, 1, N'TT-1005/1234', N'TT-1005', N'1234', 100, CAST(N'2022-03-02' AS Date), N'', 1, CAST(N'1999-02-01' AS Date), CAST(N'2002-02-01' AS Date), N'asdasd')
GO
INSERT [dbo].[tblUrunGirisAlt] ([Id], [GirisId], [Barkod], [UrunKodu], [LotSeriNo], [GirisAdet], [GirisTarih], [BransNo], [UtsDurum], [UTarih], [SKTarih], [Aciklama]) VALUES (2, 2, N'TT-1005/1234', N'TT-1005', N'1234', 50, CAST(N'2022-03-02' AS Date), N'', 1, CAST(N'2005-03-04' AS Date), CAST(N'2008-03-04' AS Date), N'asdsaasd')
GO
INSERT [dbo].[tblUrunGirisAlt] ([Id], [GirisId], [Barkod], [UrunKodu], [LotSeriNo], [GirisAdet], [GirisTarih], [BransNo], [UtsDurum], [UTarih], [SKTarih], [Aciklama]) VALUES (3, 3, N'TT-1005/4056', N'TT-1005', N'4056', 380, CAST(N'2022-03-02' AS Date), N'', 0, CAST(N'2021-03-05' AS Date), CAST(N'2024-03-05' AS Date), N'aa')
GO
INSERT [dbo].[tblUrunGirisAlt] ([Id], [GirisId], [Barkod], [UrunKodu], [LotSeriNo], [GirisAdet], [GirisTarih], [BransNo], [UtsDurum], [UTarih], [SKTarih], [Aciklama]) VALUES (4, 4, N'TT-1005/1234', N'TT-1005', N'1234', 300, CAST(N'2022-03-02' AS Date), N'', 1, CAST(N'1999-02-01' AS Date), CAST(N'2002-02-01' AS Date), N'bee')
GO
INSERT [dbo].[tblUrunGirisAlt] ([Id], [GirisId], [Barkod], [UrunKodu], [LotSeriNo], [GirisAdet], [GirisTarih], [BransNo], [UtsDurum], [UTarih], [SKTarih], [Aciklama]) VALUES (5, 5, N'TR-1005/1234', N'TR-1005', N'1234', 500, CAST(N'2022-03-04' AS Date), N'', 1, CAST(N'1999-02-01' AS Date), CAST(N'2002-06-01' AS Date), N'sa')
GO
INSERT [dbo].[tblUrunGirisAlt] ([Id], [GirisId], [Barkod], [UrunKodu], [LotSeriNo], [GirisAdet], [GirisTarih], [BransNo], [UtsDurum], [UTarih], [SKTarih], [Aciklama]) VALUES (7, 4, N'TT-1005/123', N'TT-1005', N'123', 700, CAST(N'2022-03-02' AS Date), N'', 0, CAST(N'1998-02-01' AS Date), CAST(N'2001-02-01' AS Date), N'fff')
GO
INSERT [dbo].[tblUrunGirisAlt] ([Id], [GirisId], [Barkod], [UrunKodu], [LotSeriNo], [GirisAdet], [GirisTarih], [BransNo], [UtsDurum], [UTarih], [SKTarih], [Aciklama]) VALUES (11, 4, N'TT-1005/444', N'TT-1005', N'444', 300, CAST(N'2022-03-02' AS Date), N'', 0, CAST(N'1999-05-01' AS Date), CAST(N'2002-05-01' AS Date), N'asa')
GO
INSERT [dbo].[tblUrunGirisAlt] ([Id], [GirisId], [Barkod], [UrunKodu], [LotSeriNo], [GirisAdet], [GirisTarih], [BransNo], [UtsDurum], [UTarih], [SKTarih], [Aciklama]) VALUES (12, 5, N'TT-1005/444', N'TT-1005', N'444', 995, CAST(N'2022-03-04' AS Date), N'', 0, CAST(N'1999-05-04' AS Date), CAST(N'2002-05-04' AS Date), N'fff')
GO
INSERT [dbo].[tblUrunGirisAlt] ([Id], [GirisId], [Barkod], [UrunKodu], [LotSeriNo], [GirisAdet], [GirisTarih], [BransNo], [UtsDurum], [UTarih], [SKTarih], [Aciklama]) VALUES (13, 5, N'TT-1005/555', N'TT-1005', N'555', 400, CAST(N'2022-03-04' AS Date), N'', 0, CAST(N'2005-05-03' AS Date), CAST(N'2008-05-03' AS Date), N'ttt')
GO
INSERT [dbo].[tblUrunGirisAlt] ([Id], [GirisId], [Barkod], [UrunKodu], [LotSeriNo], [GirisAdet], [GirisTarih], [BransNo], [UtsDurum], [UTarih], [SKTarih], [Aciklama]) VALUES (14, 5, N'TT-1005/666', N'TT-1005', N'666', 300, CAST(N'2022-03-04' AS Date), N'', 0, CAST(N'2007-08-03' AS Date), CAST(N'2010-08-03' AS Date), N'qwe')
GO
INSERT [dbo].[tblUrunGirisAlt] ([Id], [GirisId], [Barkod], [UrunKodu], [LotSeriNo], [GirisAdet], [GirisTarih], [BransNo], [UtsDurum], [UTarih], [SKTarih], [Aciklama]) VALUES (15, 4, N'TT-1005/999', N'TT-1005', N'999', 800, CAST(N'2022-03-02' AS Date), N'', 0, CAST(N'2005-08-01' AS Date), CAST(N'2008-08-01' AS Date), N'fqe')
GO
SET IDENTITY_INSERT [dbo].[tblUrunGirisAlt] OFF
GO
SET IDENTITY_INSERT [dbo].[tblUrunGirisUst] ON 
GO
INSERT [dbo].[tblUrunGirisUst] ([Id], [GirisId], [CariTip], [CariAdi], [CariId], [GirisTuru], [FaturaNo], [Aciklama], [GirisTarih], [isDeleted], [CreatedDate], [CreatedUser], [UpdateDate], [UpdateUser]) VALUES (1, 1, N'Doktor', N'Ahmet Mahmudovt', 1, N'Normal Giris', N'123', N'asddsa', CAST(N'2022-03-02' AS Date), 0, CAST(N'2022-03-02' AS Date), -1, CAST(N'2022-03-02' AS Date), -1)
GO
INSERT [dbo].[tblUrunGirisUst] ([Id], [GirisId], [CariTip], [CariAdi], [CariId], [GirisTuru], [FaturaNo], [Aciklama], [GirisTarih], [isDeleted], [CreatedDate], [CreatedUser], [UpdateDate], [UpdateUser]) VALUES (2, 2, N'Doktor', N'Salam Makarna', 2, N'Muhtelif Giris', N'1234', N'yeni mallar', CAST(N'2022-03-02' AS Date), 0, CAST(N'2022-03-02' AS Date), -1, CAST(N'2022-03-02' AS Date), -1)
GO
INSERT [dbo].[tblUrunGirisUst] ([Id], [GirisId], [CariTip], [CariAdi], [CariId], [GirisTuru], [FaturaNo], [Aciklama], [GirisTarih], [isDeleted], [CreatedDate], [CreatedUser], [UpdateDate], [UpdateUser]) VALUES (3, 3, N'Firma', N'Wissen', 5, N'Normal Giris', N'987', N'sa aga', CAST(N'2022-03-02' AS Date), 0, CAST(N'2022-03-02' AS Date), -1, CAST(N'2022-03-02' AS Date), -1)
GO
INSERT [dbo].[tblUrunGirisUst] ([Id], [GirisId], [CariTip], [CariAdi], [CariId], [GirisTuru], [FaturaNo], [Aciklama], [GirisTarih], [isDeleted], [CreatedDate], [CreatedUser], [UpdateDate], [UpdateUser]) VALUES (4, 4, N'Hastane', N'Dizdariye', 2, N'Normal Giris', N'445', N'asdasdasd', CAST(N'2022-03-02' AS Date), 0, CAST(N'2022-03-02' AS Date), -1, CAST(N'2022-03-02' AS Date), -1)
GO
INSERT [dbo].[tblUrunGirisUst] ([Id], [GirisId], [CariTip], [CariAdi], [CariId], [GirisTuru], [FaturaNo], [Aciklama], [GirisTarih], [isDeleted], [CreatedDate], [CreatedUser], [UpdateDate], [UpdateUser]) VALUES (5, 5, N'Hastane', N'Dizdariye', 2, N'Muhtelif Giris', N'1234', N'Maraba', CAST(N'2022-03-04' AS Date), 0, CAST(N'2022-03-04' AS Date), -1, CAST(N'2022-03-04' AS Date), -1)
GO
SET IDENTITY_INSERT [dbo].[tblUrunGirisUst] OFF
GO
SET IDENTITY_INSERT [dbo].[tblUrunKayitAlt] ON 
GO
INSERT [dbo].[tblUrunKayitAlt] ([Id], [Uid], [UIKodu], [GMDMKodu], [UNSPCKodu], [SB], [KullanimDisi], [BirimFiyat], [ParaBirimi], [MinFiyat], [Ubb], [Sut], [SutFiyat], [SutAciklama], [Aciklama], [Sinif], [BransAdi], [UTS]) VALUES (28, 5, N'TT-1005', N'123', N'412', 1, 0, CAST(25.0000 AS Decimal(18, 4)), N'USD', CAST(21.0000 AS Decimal(18, 4)), N'412', N'445', CAST(11.0000 AS Decimal(18, 4)), N'bbbeee', N'bro', N'ii', N'', 1)
GO
INSERT [dbo].[tblUrunKayitAlt] ([Id], [Uid], [UIKodu], [GMDMKodu], [UNSPCKodu], [SB], [KullanimDisi], [BirimFiyat], [ParaBirimi], [MinFiyat], [Ubb], [Sut], [SutFiyat], [SutAciklama], [Aciklama], [Sinif], [BransAdi], [UTS]) VALUES (29, 6, N'TR-1005', N'A245C', N'BT49E', 1, 0, CAST(45.0000 AS Decimal(18, 4)), N'EUR', CAST(32.0000 AS Decimal(18, 4)), N'TCKE4F', N'PR4EG', CAST(3525.0000 AS Decimal(18, 4)), N'cok pahali', N'degisim istasyonu', N'iii', N'', 1)
GO
INSERT [dbo].[tblUrunKayitAlt] ([Id], [Uid], [UIKodu], [GMDMKodu], [UNSPCKodu], [SB], [KullanimDisi], [BirimFiyat], [ParaBirimi], [MinFiyat], [Ubb], [Sut], [SutFiyat], [SutAciklama], [Aciklama], [Sinif], [BransAdi], [UTS]) VALUES (30, 6, N'TR-1005', N'BL34F', N'HEF24T', 0, 0, CAST(45.0000 AS Decimal(18, 4)), N'EUR', CAST(32.0000 AS Decimal(18, 4)), N'LT45C', N'TB2749', CAST(3325.0000 AS Decimal(18, 4)), N'ucuz  bu usta', N'degisim istasyonu', N'iii', N'', 1)
GO
INSERT [dbo].[tblUrunKayitAlt] ([Id], [Uid], [UIKodu], [GMDMKodu], [UNSPCKodu], [SB], [KullanimDisi], [BirimFiyat], [ParaBirimi], [MinFiyat], [Ubb], [Sut], [SutFiyat], [SutAciklama], [Aciklama], [Sinif], [BransAdi], [UTS]) VALUES (31, 5, N'TT-1005', N'123', N'415', 1, 0, CAST(25.0000 AS Decimal(18, 4)), N'USD', CAST(21.0000 AS Decimal(18, 4)), N'444', N'111', CAST(11.0000 AS Decimal(18, 4)), N'asdas', N'bro', N'ii', N'', 1)
GO
SET IDENTITY_INSERT [dbo].[tblUrunKayitAlt] OFF
GO
SET IDENTITY_INSERT [dbo].[tblUrunKayitUst] ON 
GO
INSERT [dbo].[tblUrunKayitUst] ([Id], [Uid], [FirmaId], [UrunKodu], [AciklamaTr], [AciklamaEng], [GirisTarih], [Resim], [KullanimSuresi]) VALUES (9, 5, 1, N'TT-1005', N'bro', N'hey', CAST(N'2022-02-27' AS Date), NULL, 36)
GO
INSERT [dbo].[tblUrunKayitUst] ([Id], [Uid], [FirmaId], [UrunKodu], [AciklamaTr], [AciklamaEng], [GirisTarih], [Resim], [KullanimSuresi]) VALUES (10, 6, 1, N'TR-1005', N'degisim istasyonu', N'interchange station', CAST(N'2022-03-04' AS Date), NULL, 40)
GO
SET IDENTITY_INSERT [dbo].[tblUrunKayitUst] OFF
GO
SET IDENTITY_INSERT [dbo].[tblUsers] ON 
GO
INSERT [dbo].[tblUsers] ([Id], [Name], [Password], [UserName]) VALUES (1, N'Cagri', N'1234', N'CagriT')
GO
SET IDENTITY_INSERT [dbo].[tblUsers] OFF
GO
/****** Object:  Index [IX_UrunId]    Script Date: 27.03.2022 16:32:31 ******/
CREATE NONCLUSTERED INDEX [IX_UrunId] ON [dbo].[tblKonsinyeGonderimler]
(
	[UrunId] ASC
)WITH (PAD_INDEX = OFF, STATISTICS_NORECOMPUTE = OFF, SORT_IN_TEMPDB = OFF, DROP_EXISTING = OFF, ONLINE = OFF, ALLOW_ROW_LOCKS = ON, ALLOW_PAGE_LOCKS = ON, OPTIMIZE_FOR_SEQUENTIAL_KEY = OFF) ON [PRIMARY]
GO
SET ANSI_PADDING ON
GO
/****** Object:  Index [IX_tblStokDurum_Barkod]    Script Date: 27.03.2022 16:32:31 ******/
CREATE NONCLUSTERED INDEX [IX_tblStokDurum_Barkod] ON [dbo].[tblStokDurum]
(
	[Barkod] ASC
)WITH (PAD_INDEX = OFF, STATISTICS_NORECOMPUTE = OFF, SORT_IN_TEMPDB = OFF, DROP_EXISTING = OFF, ONLINE = OFF, ALLOW_ROW_LOCKS = ON, ALLOW_PAGE_LOCKS = ON, OPTIMIZE_FOR_SEQUENTIAL_KEY = OFF) ON [PRIMARY]
GO
SET ANSI_PADDING ON
GO
/****** Object:  Index [IX_tblStokDurum_UrunKodu]    Script Date: 27.03.2022 16:32:31 ******/
CREATE NONCLUSTERED INDEX [IX_tblStokDurum_UrunKodu] ON [dbo].[tblStokDurum]
(
	[UrunKodu] ASC
)WITH (PAD_INDEX = OFF, STATISTICS_NORECOMPUTE = OFF, SORT_IN_TEMPDB = OFF, DROP_EXISTING = OFF, ONLINE = OFF, ALLOW_ROW_LOCKS = ON, ALLOW_PAGE_LOCKS = ON, OPTIMIZE_FOR_SEQUENTIAL_KEY = OFF) ON [PRIMARY]
GO
ALTER TABLE [dbo].[tblKonsinyeGonderimler] ADD  DEFAULT ((0)) FOR [GonderimId]
GO
ALTER TABLE [dbo].[tblDoktorlar]  WITH CHECK ADD  CONSTRAINT [FK_tblDoktorlar_Sehirler] FOREIGN KEY([SehirId])
REFERENCES [dbo].[Sehirler] ([Id])
GO
ALTER TABLE [dbo].[tblDoktorlar] CHECK CONSTRAINT [FK_tblDoktorlar_Sehirler]
GO
ALTER TABLE [dbo].[tblDoktorlar]  WITH CHECK ADD  CONSTRAINT [FK_tblDoktorlar_tblHastaneler] FOREIGN KEY([Hastane1Id])
REFERENCES [dbo].[tblHastaneler] ([Id])
GO
ALTER TABLE [dbo].[tblDoktorlar] CHECK CONSTRAINT [FK_tblDoktorlar_tblHastaneler]
GO
ALTER TABLE [dbo].[tblDoktorlar]  WITH CHECK ADD  CONSTRAINT [FK_tblDoktorlar_tblHastaneler1] FOREIGN KEY([Hastane2Id])
REFERENCES [dbo].[tblHastaneler] ([Id])
GO
ALTER TABLE [dbo].[tblDoktorlar] CHECK CONSTRAINT [FK_tblDoktorlar_tblHastaneler1]
GO
ALTER TABLE [dbo].[tblDoktorlar]  WITH CHECK ADD  CONSTRAINT [FK_tblDoktorlar_tblHastaneler2] FOREIGN KEY([Hastane3Id])
REFERENCES [dbo].[tblHastaneler] ([Id])
GO
ALTER TABLE [dbo].[tblDoktorlar] CHECK CONSTRAINT [FK_tblDoktorlar_tblHastaneler2]
GO
ALTER TABLE [dbo].[tblFirmaDetaylar]  WITH CHECK ADD  CONSTRAINT [FK_FirmaDetaylar_tblDepartmanlar] FOREIGN KEY([DepartmanId])
REFERENCES [dbo].[tblDepartmanlar] ([Id])
GO
ALTER TABLE [dbo].[tblFirmaDetaylar] CHECK CONSTRAINT [FK_FirmaDetaylar_tblDepartmanlar]
GO
ALTER TABLE [dbo].[tblFirmaDetaylar]  WITH CHECK ADD  CONSTRAINT [FK_FirmaDetaylar_tblFirmalar1] FOREIGN KEY([GirisId])
REFERENCES [dbo].[tblFirmalar] ([Id])
GO
ALTER TABLE [dbo].[tblFirmaDetaylar] CHECK CONSTRAINT [FK_FirmaDetaylar_tblFirmalar1]
GO
ALTER TABLE [dbo].[tblFirmalar]  WITH CHECK ADD  CONSTRAINT [FK_tblFirmalar_Sehirler] FOREIGN KEY([SehirId])
REFERENCES [dbo].[Sehirler] ([Id])
GO
ALTER TABLE [dbo].[tblFirmalar] CHECK CONSTRAINT [FK_tblFirmalar_Sehirler]
GO
ALTER TABLE [dbo].[tblHastaneDetaylar]  WITH CHECK ADD  CONSTRAINT [FK_tblHastaneDetaylar_tblDepartmanlar] FOREIGN KEY([DepartmanId])
REFERENCES [dbo].[tblDepartmanlar] ([Id])
GO
ALTER TABLE [dbo].[tblHastaneDetaylar] CHECK CONSTRAINT [FK_tblHastaneDetaylar_tblDepartmanlar]
GO
ALTER TABLE [dbo].[tblHastaneDetaylar]  WITH CHECK ADD  CONSTRAINT [FK_tblHastaneDetaylar_tblHastaneler] FOREIGN KEY([GirisId])
REFERENCES [dbo].[tblHastaneler] ([Id])
GO
ALTER TABLE [dbo].[tblHastaneDetaylar] CHECK CONSTRAINT [FK_tblHastaneDetaylar_tblHastaneler]
GO
ALTER TABLE [dbo].[tblHastaneler]  WITH CHECK ADD  CONSTRAINT [FK_tblHastaneler_Sehirler] FOREIGN KEY([SehirId])
REFERENCES [dbo].[Sehirler] ([Id])
GO
ALTER TABLE [dbo].[tblHastaneler] CHECK CONSTRAINT [FK_tblHastaneler_Sehirler]
GO
ALTER TABLE [dbo].[tblHastaneler]  WITH CHECK ADD  CONSTRAINT [FK_tblHastaneler_tblHastanetip] FOREIGN KEY([TipID])
REFERENCES [dbo].[tblHastanetip] ([Id])
GO
ALTER TABLE [dbo].[tblHastaneler] CHECK CONSTRAINT [FK_tblHastaneler_tblHastanetip]
GO
ALTER TABLE [dbo].[tblKonsinyeGonderimler]  WITH CHECK ADD  CONSTRAINT [FK_dbo.tblKonsinyeGonderimler_dbo.tblStokDurum_UrunId] FOREIGN KEY([UrunId])
REFERENCES [dbo].[tblStokDurum] ([Id])
ON DELETE CASCADE
GO
ALTER TABLE [dbo].[tblKonsinyeGonderimler] CHECK CONSTRAINT [FK_dbo.tblKonsinyeGonderimler_dbo.tblStokDurum_UrunId]
GO
ALTER TABLE [dbo].[tblPersoneller]  WITH CHECK ADD  CONSTRAINT [FK_tblPersoneller_Sehirler] FOREIGN KEY([SehirId])
REFERENCES [dbo].[Sehirler] ([Id])
GO
ALTER TABLE [dbo].[tblPersoneller] CHECK CONSTRAINT [FK_tblPersoneller_Sehirler]
GO
ALTER TABLE [dbo].[tblPersoneller]  WITH CHECK ADD  CONSTRAINT [FK_tblPersoneller_tblDepartmanlar] FOREIGN KEY([DepartmanId])
REFERENCES [dbo].[tblDepartmanlar] ([Id])
GO
ALTER TABLE [dbo].[tblPersoneller] CHECK CONSTRAINT [FK_tblPersoneller_tblDepartmanlar]
GO
ALTER TABLE [dbo].[tblUrunKayitUst]  WITH CHECK ADD  CONSTRAINT [FK_tblUrunKayitUst_tblFirmalar] FOREIGN KEY([FirmaId])
REFERENCES [dbo].[tblFirmalar] ([Id])
GO
ALTER TABLE [dbo].[tblUrunKayitUst] CHECK CONSTRAINT [FK_tblUrunKayitUst_tblFirmalar]
GO
USE [master]
GO
ALTER DATABASE [Erp102Ev] SET  READ_WRITE 
GO
